1.38.0.1,1.38.1.254
1.38.1.1,1.38.3.254
1.38.2.1,1.38.7.254
1.38.4.1,1.38.8.254
1.38.8.1,1.38.9.254
1.38.8.1,1.38.9.254
1.38.9.1,1.38.11.254
1.38.11.1,1.38.23.254
1.38.16.1,1.38.31.254
1.38.24.1,1.38.63.254
1.38.32.1,1.38.95.254
1.38.64.1,1.38.127.254
1.38.96.1,1.38.159.254
1.38.128.1,1.38.191.254
1.38.160.1,1.38.207.254
1.38.192.1,1.38.223.254
1.38.208.1,1.38.239.254
1.38.224.1,1.38.247.254
1.38.240.1,1.38.255.254
1.38.248.1,1.39.127.254
1.39.0.1,1.39.255.254
1.39.128.1,1.39.255.254
10.15.0.1,10.15.127.254
10.16.0.1,10.16.255.254
10.17.0.1,10.17.63.254
10.17.64.1,10.17.127.254
10.17.128.1,10.17.255.254
10.21.0.1,10.21.255.254
10.52.0.1,10.55.255.254
10.56.0.1,10.59.255.254
10.62.0.1,10.63.255.254
10.64.0.1,10.67.255.254
10.68.0.1,10.71.255.254
10.72.0.1,10.75.255.254
10.76.0.1,10.79.255.254
10.80.0.1,10.81.255.254
10.82.0.1,10.83.255.254
10.84.0.1,10.87.255.254
10.88.0.1,10.91.255.254
10.92.0.1,10.95.255.254
10.96.0.1,10.99.255.254
10.100.0.1,10.101.255.254
10.102.0.1,10.103.255.254
10.104.0.1,10.107.255.254
10.108.0.1,10.111.255.254
10.112.0.1,10.115.255.254
10.116.0.1,10.119.255.254
10.120.0.1,10.121.255.254
10.121.0.1,10.121.255.254
10.122.0.1,10.122.127.254
10.122.0.1,10.122.255.254
10.122.128.1,10.122.255.254
10.123.0.1,10.123.255.254
10.124.0.1,10.124.255.254
10.124.0.1,10.125.255.254
10.125.0.1,10.127.255.254
10.128.0.1,10.135.255.254
10.136.0.1,10.137.255.254
10.139.0.1,10.139.255.254
10.140.0.1,10.143.255.254
10.144.0.1,10.145.255.254
10.146.0.1,10.146.255.254
10.147.0.1,10.147.255.254
10.148.32.1,10.148.63.254
10.148.64.1,10.148.127.254
10.148.128.1,10.148.255.254
10.150.0.1,10.151.255.254
10.151.0.1,10.151.255.254
10.152.0.1,10.152.255.254
10.160.0.1,10.163.255.254
10.164.128.1,10.164.255.254
10.165.0.1,10.165.255.254
10.166.128.1,10.166.255.254
10.167.0.1,10.167.255.254
10.168.128.1,10.168.255.254
10.169.32.1,10.169.63.254
10.169.64.1,10.169.127.254
10.169.128.1,10.169.255.254
10.170.128.1,10.170.255.254
10.173.0.1,10.173.255.254
10.175.0.1,10.175.255.254
10.176.0.1,10.191.255.254
10.192.0.1,10.195.255.254
10.196.0.1,10.199.255.254
10.200.0.1,10.201.255.254
10.202.0.1,10.203.255.254
10.204.0.1,10.207.255.254
10.208.0.1,10.223.255.254
10.224.0.1,10.227.255.254
10.228.0.1,10.231.255.254
10.232.0.1,10.239.255.254
42.104.0.1,42.104.255.254
42.104.0.1,42.105.63.254
42.105.0.1,42.105.95.254
42.105.64.1,42.105.127.254
42.105.96.1,42.105.255.254
42.105.128.1,42.106.63.254
42.106.0.1,42.106.95.254
42.106.64.1,42.106.127.254
42.106.96.1,42.106.159.254
42.106.128.1,42.106.167.254
42.106.160.1,42.106.171.254
42.106.168.1,42.106.173.254
42.106.172.1,42.106.174.254
42.106.174.1,42.106.175.254
42.106.175.1,42.106.191.254
42.106.176.1,42.106.255.254
42.106.192.1,42.107.31.254
42.107.0.1,42.107.63.254
42.107.32.1,42.107.95.254
42.107.64.1,42.107.127.254
42.107.96.1,42.107.159.254
42.107.128.1,42.107.167.254
42.107.160.1,42.107.171.254
42.107.168.1,42.107.173.254
42.107.172.1,42.107.174.254
42.107.174.1,42.107.191.254
42.107.176.1,42.107.255.254
42.107.192.1,42.109.255.254
42.108.0.1,42.110.255.254
42.110.0.1,42.111.31.254
42.111.0.1,42.111.63.254
42.111.32.1,42.111.127.254
42.111.64.1,42.111.255.254
42.111.128.1,42.111.255.254
84.64.0.1,84.64.15.254
84.64.16.1,84.64.31.254
84.64.32.1,84.64.63.254
84.64.64.1,84.64.127.254
84.64.128.1,84.64.255.254
84.65.0.1,84.65.15.254
84.65.16.1,84.65.31.254
84.65.32.1,84.65.63.254
84.65.64.1,84.65.127.254
84.65.128.1,84.65.255.254
84.66.0.1,84.66.255.254
84.67.0.1,84.67.127.254
84.67.128.1,84.67.255.254
84.68.0.1,84.68.255.254
84.68.0.1,84.69.127.254
84.69.0.1,84.69.191.254
84.69.128.1,84.69.223.254
84.69.192.1,84.69.239.254
84.69.224.1,84.69.255.254
84.69.240.1,84.70.255.254
84.70.0.1,84.71.127.254
84.71.0.1,84.71.159.254
84.71.128.1,84.71.191.254
84.71.160.1,84.71.223.254
84.71.192.1,84.71.231.254
84.71.224.1,84.71.235.254
84.71.232.1,84.71.239.254
84.71.236.1,84.71.247.254
84.71.240.1,84.71.255.254
84.71.248.1,84.71.255.254
112.79.0.1,112.79.15.254
112.79.0.1,112.79.31.254
112.79.16.1,112.79.33.254
112.79.32.1,112.79.35.254
112.79.35.1,112.79.39.254
112.79.36.1,112.79.47.254
112.79.40.1,112.79.63.254
112.79.48.1,112.79.95.254
112.79.64.1,112.79.111.254
112.79.96.1,112.79.119.254
112.79.112.1,112.79.123.254
112.79.120.1,112.79.125.254
112.79.124.1,112.79.191.254
112.79.128.1,112.79.255.254
112.79.192.1,112.79.255.254
114.31.128.1,114.31.191.254
123.63.64.1,123.63.79.254
123.63.80.1,123.63.95.254
123.63.96.1,123.63.97.254
123.63.97.1,123.63.98.254
123.63.98.1,123.63.99.126
123.63.99.1,123.63.99.254
123.63.99.129,123.63.101.254
123.63.101.1,123.63.102.254
123.63.102.1,123.63.103.126
123.63.103.1,123.63.103.254
123.63.103.129,123.63.103.254
123.63.104.1,123.63.105.254
123.63.105.1,123.63.106.254
123.63.106.1,123.63.107.254
123.63.107.1,123.63.109.254
123.63.109.1,123.63.110.254
123.63.110.1,123.63.111.254
123.63.111.1,123.63.111.254
123.63.112.1,123.63.112.62
123.63.112.65,123.63.112.126
123.63.112.129,123.63.112.190
123.63.112.193,123.63.112.254
123.63.113.65,123.63.113.126
123.63.113.129,123.63.113.190
123.63.113.193,123.63.113.254
123.63.128.1,123.63.135.254
123.63.136.1,123.63.137.254
123.63.136.1,123.63.139.254
123.63.138.1,123.63.139.254
123.63.140.1,123.63.140.254
123.63.140.1,123.63.141.254
123.63.141.1,123.63.141.254
123.63.142.1,123.63.143.254
123.63.144.1,123.63.159.254
123.63.160.1,123.63.175.254
123.63.176.1,123.63.191.254
123.63.192.1,123.63.223.254
123.63.192.1,123.63.239.254
123.63.232.1,123.63.255.254
123.63.240.1,123.63.255.254
203.88.0.1,203.88.15.254
203.88.12.1,203.88.17.254
203.88.17.1,203.88.19.254
203.88.18.1,203.88.21.254
203.88.20.1,203.88.23.254
203.88.23.1,203.88.31.254
203.88.24.1,203.88.31.254
